species,Longitude,Latitude
Nardostachys jatamansi,81.80060865,29.84479958
Nardostachys jatamansi,81.91658147,29.93118304
Nardostachys jatamansi,81.86917016,29.99651404
Nardostachys jatamansi,82.41935444,29.27942052
Nardostachys jatamansi,80.89726084,29.78749609
Nardostachys jatamansi,82.3924268,29.39529381
Nardostachys jatamansi,82.22617524,29.62289326
Nardostachys jatamansi,81.93167139,29.92393918
Nardostachys jatamansi,82.26944303,29.63053564
Nardostachys jatamansi,81.86064677,30.01076493
Nardostachys jatamansi,81.84424791,29.84191977
Nardostachys jatamansi,82.36699956,29.35095983
Nardostachys jatamansi,81.78789336,29.84305313
Nardostachys jatamansi,81.82672965,29.85905953
Nardostachys jatamansi,82.35351314,29.47204736
Nardostachys jatamansi,81.00436579,29.77915179
Nardostachys jatamansi,80.87201983,29.70288323
Nardostachys jatamansi,82.27108548,29.4250681
Nardostachys jatamansi,81.81561046,29.85780211
Nardostachys jatamansi,81.90132366,30.00503311
Nardostachys jatamansi,80.88526209,29.80300902
Nardostachys jatamansi,80.94603451,29.66963167
Nardostachys jatamansi,81.8992999,29.93807017
Nardostachys jatamansi,81.83755813,29.87134555
Nardostachys jatamansi,82.3701475,29.35989753
Nardostachys jatamansi,81.85201375,29.99184341
Nardostachys jatamansi,81.88810898,29.98926765
Nardostachys jatamansi,82.22572629,29.6131063
Nardostachys jatamansi,82.37183515,29.40738304
Nardostachys jatamansi,80.8705753,29.69268356
Nardostachys jatamansi,80.8880507,29.70542475
Nardostachys jatamansi,81.92822569,29.99575897
Nardostachys jatamansi,80.98651178,29.68471381
Nardostachys jatamansi,82.27442805,29.62202334
Nardostachys jatamansi,82.38008692,29.39263373
Nardostachys jatamansi,82.33313949,29.27869329
Nardostachys jatamansi,81.86037012,29.97869507
Nardostachys jatamansi,80.97638211,29.6872394
Nardostachys jatamansi,82.47018825,29.33305087
Nardostachys jatamansi,82.18352785,29.36366047
Nardostachys jatamansi,81.77836977,29.83903057
Nardostachys jatamansi,81.85747729,30.00030865
Nardostachys jatamansi,82.37219399,29.42028376
Nardostachys jatamansi,82.34089698,29.2673804
Nardostachys jatamansi,82.15288352,29.3649667
Nardostachys jatamansi,82.27317639,29.40261385
Nardostachys jatamansi,80.94688501,29.58497641
Nardostachys jatamansi,82.40546639,29.38809112
Nardostachys jatamansi,82.47797159,29.32432897
Nardostachys jatamansi,81.86290956,29.84049966
Nardostachys jatamansi,82.38293819,29.35353888
Nardostachys jatamansi,80.99448554,29.78501794
Nardostachys jatamansi,81.89382816,30.01205079
Nardostachys jatamansi,81.83792163,29.86032456
Nardostachys jatamansi,82.44707189,29.35225394
Nardostachys jatamansi,82.34647364,29.3926617
Nardostachys jatamansi,81.7658146,29.85405742
Nardostachys jatamansi,82.48022927,29.36725784
Nardostachys jatamansi,82.42065453,29.29378213
Nardostachys jatamansi,82.19140355,29.35611809
Nardostachys jatamansi,81.88177163,29.98184732
Nardostachys jatamansi,82.45444865,29.29940133
Nardostachys jatamansi,82.44666945,29.28798917
Nardostachys jatamansi,80.87990053,29.78679557
Nardostachys jatamansi,80.95555576,29.59129721
Nardostachys jatamansi,82.32839936,29.47344651
Nardostachys jatamansi,82.30134727,29.43698558
Nardostachys jatamansi,80.90361161,29.81104678
Nardostachys jatamansi,81.00985062,29.79672298
Nardostachys jatamansi,82.24228085,29.42899471
Nardostachys jatamansi,82.41859861,29.33716475
Nardostachys jatamansi,81.87500873,30.00616723
Nardostachys jatamansi,82.40623909,29.27401837
Nardostachys jatamansi,82.17632677,29.34394248
Nardostachys jatamansi,80.88514558,29.6964875
Nardostachys jatamansi,82.28710434,29.43488601
Nardostachys jatamansi,82.39528958,29.27490924
Nardostachys jatamansi,80.9445712,29.68091238
Nardostachys jatamansi,82.39779614,29.33650895
Nardostachys jatamansi,80.89970935,29.70796109
Nardostachys jatamansi,82.30975664,29.37727129
Nardostachys jatamansi,81.89137174,29.9994067
Nardostachys jatamansi,82.38298437,29.38058363
Nardostachys jatamansi,82.39833163,29.3553637
Nardostachys jatamansi,82.36027657,29.48427811
Nardostachys jatamansi,82.28512937,29.42131463
Nardostachys jatamansi,81.90174626,29.99328993
Nardostachys jatamansi,82.4921852,29.36907374
Nardostachys jatamansi,82.42577262,29.30353679
Nardostachys jatamansi,82.3341295,29.38719987
Nardostachys jatamansi,82.41875348,29.32454745
Nardostachys jatamansi,82.48471036,29.34380904
Nardostachys jatamansi,82.46396901,29.36697712
Nardostachys jatamansi,82.40839988,29.41328226
Nardostachys jatamansi,82.38857427,29.40450243
Nardostachys jatamansi,82.25027925,29.4053394
Nardostachys jatamansi,82.16653014,29.3555889
Nardostachys jatamansi,82.46641413,29.31543246
Nardostachys jatamansi,82.42703363,29.34457379
Nardostachys jatamansi,80.997252,29.63597906
Nardostachys jatamansi,81.84751708,29.8747834
Nardostachys jatamansi,82.34544182,29.27648536
Nardostachys jatamansi,82.40861372,29.34202622
Nardostachys jatamansi,81.89127543,29.84673655
Nardostachys jatamansi,82.32739303,29.36198132
Nardostachys jatamansi,82.29936954,29.37553198
Nardostachys jatamansi,82.40991438,29.36766789
Nardostachys jatamansi,82.39389292,29.4174054
Nardostachys jatamansi,82.26544583,29.35671767
Nardostachys jatamansi,82.36818365,29.38020392
Nardostachys jatamansi,82.44147422,29.30580471
Nardostachys jatamansi,82.25055594,29.41699619
Nardostachys jatamansi,80.9140453,29.80855409
Nardostachys jatamansi,82.363708,29.46478723
Nardostachys jatamansi,81.01597481,29.78784188
Nardostachys jatamansi,82.2311235,29.42699565
Nardostachys jatamansi,82.26478884,29.43601128
Nardostachys jatamansi,82.45262048,29.32369586
Nardostachys jatamansi,82.32529514,29.37498803
Nardostachys jatamansi,82.38390795,29.36736278
Nardostachys jatamansi,82.20035627,29.34565067
Nardostachys jatamansi,80.90496579,29.80169799
Nardostachys jatamansi,82.31789416,29.49285348
Nardostachys jatamansi,82.33645918,29.4557779
Nardostachys jatamansi,82.40597075,29.42773727
Nardostachys jatamansi,81.06203735,29.63725517
Nardostachys jatamansi,82.34374138,29.41605274
Nardostachys jatamansi,82.33760297,29.36600337
Nardostachys jatamansi,80.89356806,29.7964639
Nardostachys jatamansi,82.31983348,29.41081409
Nardostachys jatamansi,82.40528319,29.37776054
Nardostachys jatamansi,82.38127821,29.43653237
Nardostachys jatamansi,81.83387448,29.84425079
Nardostachys jatamansi,82.34784519,29.427887
Nardostachys jatamansi,82.34613626,29.44837089
Nardostachys jatamansi,82.30465876,29.46375488
